Name,Sex
"Smith, Commander Edward John, RNR (Retd)",male
"Wilde, Lieutenant Henry Tingle",male
"Murdoch, Lieutenant William McMaster, RNR",male
"Lightoller, Sub-Lieutenant Charles Herbert, RNR",male
"Pitman, Mr. Herbert John",male
"Lowe, Sub-Lieutenant Harold Godfrey, RNR",male
"Anderson, Mr. James",male
"Anderson, Mr. John",male
"Archer, Mr. Ernest Edward",male
"Bailey, Mr. Joseph Henry",male
"Bradley, Mr. T.",male
"Brice, Mr. Walter T.",male
"Bright, Mr. Arthur John",male
"Buley, Mr. Edward John",male
"Clench, Mr. Frederick",male
"Callahan, Mr. James",male
"Couch, Mr. Frank",male
"Davis, Mr. Stephen James",male
"Evans, Mr. Alfred Frank",male
"Evans, Mr. Frank Oliver",male
"Fleet, Mr. Frederick",male
"Foley, Mr. John",male
"Forward, Mr. James",male
"Haines, Mr. Albert M.",male
"Harder, Mr. William",male
"Hemming, Mr. Samuel Ernest",male
"Hichens, Mr. Robert",male
"Hogg, Mr. George Alfred",male
"Holman, Mr. Harry",male
"Hopkins, Mr. Robert John",male
"Horswill, Mr. Albert Edward James",male
"Humphreys, Mr. Sidney James",male
"Hutchinson, Mr. John Hall",male
"Jewell, Mr. Archie",male
"Jones, Mr. Thomas William",male
"King, Mr. Thomas W.",male
"Lee, Mr. Reginald Robinson",male
"Lucas, Mr. William A.",male
"Lyons, Mr. William Henry",male
"Matherson, Mr. David",male
"Mathais, Mr. Montague Vincent",male
"Maxwell, Mr. John",male
"McCarthy, Mr. William",male
"McGough, Mr. James R.",male
"Moore, Mr. George Alfred",male
"Nichols, Mr. Alfred",male
"O'Loughlin, Dr. William Francis Norman",male
"Olliver, Mr. Alfred",male
"Osman, Mr. Frank",male
"Pascoe, Mr. Charles H.",male
"Perkis, Mr. Walter John",male
"Peters, Mr. William Chapman",male
"Poingdestre, Mr. John Thomas",male
"Rowe, Mr. George Thomas",male
"Sawyer, Mr. Robert James",male
"Scarrott, Mr. Joseph George",male
"Simpson, Dr. John Edward",male
"Smith, Mr. William",male
"Symons, Mr. George Thomas Macdonald",male
"Tamlyn, Mr. Frederick",male
"Taylor, Mr. C.",male
"Terrell, Mr. Bertram",male
"Thorley, Mr. Jonathon",male
"Vigott, Mr. Philip Francis",male
"Weller, Mr. William Clifford",male
"Wynn, Mr. Walter",male
"Abrams, Mr. William",male
"Adams, Mr. R.",male
"Allen, Mr. Henry",male
"Allen, Mr. Ernest Frederick",male
"Allsop, Mr. Alfred Samuel",male
"Avery, Mr. James Frank",male
"Bailey, Mr. George W.",male
"Baines, Mr. Richard",male
"Bannon, Mr. John",male
"Barlow, Mr. Charles",male
"Barnes, Mr. Charles",male
"Barnes, Mr. Frederick",male
"Barrett, Mr. Frederick",male
"Barrett, Mr. Frederick William",male
"Beattie, Mr. Joseph",male
"Beauchamp, Mr. George William",male
"Bell, Mr. Joseph",male
"Bendell, Mr. F.",male
"Bennett, Mr. George Alfred",male
"Benville, Mr. E.",male
"Bessant, Mr. William Edward",male
"Bevis, Mr. Joseph Henry",male
"Biggs, Mr. Edward Charles",male
"Billow, Mr. J.",male
"Binstead, Mr. Walter",male
"Black, Mr. Alexander",male
"Black, Mr. D.",male
"Blackman, Mr. H.",male
"Blake, Mr. Percival Albert",male
"Blake, Mr. Thomas",male
"Blaney, Mr. James",male
"Blann, Mr. Eustace Horatius",male
"Bott, Mr. W.",male
"Bradley, Mr. Patrick Joseph",male
"Brewer, Mr. Henry Harry""""""""",male
"Briant, Mr. Albert",male
"Brooks, Mr. J.",male
"Brown, Mr. John",male
"Brown, Mr. Joseph James",male
"Burroughs, Mr. Arthur",male
"Burton, Mr. Edward John",male
"Butt, Mr. William John",male
"Calderwood, Mr. Hugh",male
"Canner, Mr. J.",male
"Carr, Mr. Richard Stephen",male
"Carter, Mr. James",male
"Casey, Mr. T.",male
"Castleman, Mr. Edward",male
"Cavell, Mr. George Henry",male
"Cherrett, Mr. William Victor",male
"Chisnall, Mr. George Alexander",male
"Chorley, Mr. John",male
"Clark, Mr. William",male
"Coe, Mr. Harry",male
"Coleman, Mr. John",male
"Collins,  Mr. Samuel",male
"Combes, Mr. George",male
"Cooper, Mr. Harry",male
"Cooper, Mr. James",male
"Copperthwaite, Mr. B.",male
"Corcoran,  Mr. Dennis",male
"Cotton, Mr. A.",male
"Couch, Mr. Joseph Henry",male
"Couper, Mr. Robert",male
"Coy, Mr. Francis Ernest George",male
"Crabb, Mr. H.",male
"Creese, Mr. Henry Philip",male
"Crimmins, Mr. James",male
"Cross, Mr. W.",male
"Cunningham, Mr. B.",male
"Curtis, Mr. Arthur",male
"Davies, Mr. Thomas",male
"Dawson, Mr. Joseph",male
"Diaper, Mr. J.",male
"Dickson,  Mr. W.",male
"Dilley, Mr. John",male
"Dillon, Mr. Thomas Patrick",male
"Dodd, Mr. Edward Charles",male
"Dodds, Mr. Henry Watson",male
"Doel, Mr. Frederick",male
"Dore, Mr. A.",male
"Doyle, Mr. Laurence",male
"Duffy, Mr. William Luke",male
"Dyer, Mr. Henry Ryland",male
"Dymond, Mr. Frank",male
"Ervine, Mr. Albert G.",male
"Evans, Mr. Williams",male
"Farquharson, Mr. William E.",male
"Fay, Mr. Thomas",male
"Ferris, Mr. William",male
"Fitzpatrick, Mr. Charles W.N.",male
"Ford, Mr. Thomas",male
"Foster, Mr. A.",male
"Fraser, Mr. James",male
"Fredricks, W.",male
"Fryer, Mr. Albert E.",male
"Geer, Mr. Alfred E.",male
"Godwin, Mr. Frederick W.",male
"Gordon, Mr. J.",male
"Goree, Mr. Frank",male
"Grodidge, Mr. Ernest E.",male
"Gumery, Mr. George",male
"Hagan, Mr. John",male
"Hall, Mr. Joseph",male
"Harris, Mr. Frederick",male
"Harrison, Mr. Norman",male
"Harvey, Mr. Herbert G.",male
"Hendrickson, Mr. Charles G.",male
"Hesketh, Mr. James (aka John) H.",male
"Hosking, Mr. George Fox",male
"Hunt, Mr. Albert",male
"Hunt, Mr. T.",male
"Hurst, Walter",male
"Jarvis, Mr. William",male
"Judd, Mr. Charles E.",male
"Jukes, Mr. James",male
"Jupe, Mr. Herbert",male
"Kaspar, Mr. Franz V.",male
"Kearl, Mr. G.",male
"Keegan, Mr. James",male
"Kelly, Mr. William",male
"Kemp, Mr. Thomas H.",male
"Kinsella, Mr. Louis",male
"Knowles, Mr. Thomas",male
"Loyd, Mr. W.",male
"Long, Mr. Frank",male
"Mackie, Mr. William D.",male
"Marsh, Mr. Frederick C.",male
"Mason, Mr. Frank A.R.",male
"Mason, Mr. James",male
"May Jr., Mr. Arthur",male
"May Sr., Mr. Arthur W.",male
"Mayo, Mr. William P.",male
"Mayzes, Mr. Thomas",male
"McInytre, Mr. William",male
"McQuillan, Mr. William",male
"McReynolds, Mr. William",male
"Middleton, Mr. Alfred P.",male
"Millar, Mr. Robert",male
"Millar, Mr. Thomas",male
"Mintram, Mr. William",male
"Morgan, Mr. Thomas A.",male
"Moyes, Mr. William Y.",male
"Murdock, Mr. William",male
"Newman, Mr. Charles T.",male
"Noss, Mr. Bertram A.",male
"Noss, Mr. Henry",male
"Nutbean, Mr. William",male
"O'Connor, Mr. John",male
"Painter, Mr. Charles",male
"Painter, Mr. Frank",male
"Parsons, Mr. Frank A.",male
"Pelham, Mr. George",male
"Perry, Mr. Edgar L.",male
"Podesta, Mr. John",male
"Pond, Mr. George",male
"Prangnell, Mr. George",male
"Preston, Mr. Thomas C.",male
"Priest, Mr. Arthur J.",male
"Pugh, Mr. Percy",male
"Pusey, Mr. Robert W.",male
"Reeves, Mr. Robert",male
"Rice, Mr. Charles",male
"Rous, Mr. Arthur J.",male
"Rudd, Mr. Henry",male
"Saunders, Mr. W.",male
"Scott, Mr. Archibald",male
"Self, Mr. Edward",male
"Senior, Mr. Henry",male
"Shea, Mr. Thomas",male
"Sheath, Mr. Frederick",male
"Shepherd, Mr. Johnathan",male
"Shiers, Mr. Alfred",male
"Shillaber, Mr. Charles",male
"Sloan, Mr. Peter",male
"Small, Mr. William",male
"Smith, Mr. James M.",male
"Snowberger, Mr. Eustace P.",male
"Stanbrook, Mr. Augustus",male
"Street, Mr. Henry A.",male
"Taylor, Mr. James",male
"Taylor, Mr. William H.",male
"Thompson, Mr. John W.",male
"Threlfall, Mr. Thomas",male
"Thresher, Mr. George",male
"van der brugge, Mr. Wessel A.",male
"Vear, Mr. Henry",male
"Vear, Mr. W.",male
"Ward, Mr. Arthur",male
"Ward, Mr. Joseph",male
"Wardner, Mr. Frederick Albert",male
"Webber, Mr. Francis A.",male
"White, Mr. William G.",male
"Williams, Mr. Samuel S.",male
"Wilson, Mr. Bertie",male
"Wilton, Mr. William",male
"Witcher, Mr. Alfred",male
"Witt, Mr. Henry D.",male
"Woodford, Mr. Frederick",male
"Young, Mr. Francis J.",male
"Abbott, Mr. Ernest Owen",male
"Ahier, Mr. Percy Snowden",male
"Akerman, Mr. Albert",male
"Akerman, Mr. Joseph Francis",male
"Allan, Mr. Robert Spencer",male
"Allen, Mr. George",male
"Allen, Mr. Frederick",male
"Allsop, Mr. Frank Richard",male
"Anderson, Mr. Walter J.",male
"Andrews,  Mr. Charles Edward",male
"Ashcroft, Mr. Austin Aloysius",male
"Ashe, Mr. Henry Wellesley",male
"Ayling, Mr. George Edwin",male
"Back, Mr. Charles Frederick",male
"Baggott, Mr. Allen Marden",male
"Bagley, Mr. Edward Ernest",male
"Bailey, Mr. George Francis",male
"Ball, Mr. Percy",male
"Barker, Mr. Albert Vale",male
"Barker, Mr. Ernest T.",male
"Barker, Mr. Reginald Lomond",male
"Barlow, Mr. George",male
"Barratt, Mr. Arthur",male
"Barringer, Mr. Arthur William",male
"Barrow, Mr. Harry",male
"Barrows, Mr. William",male
"Barton, Mr. Sidney John",male
"Baxter, Mr. Harry Ross",male
"Baxter, Mr. Thomas Ferguson",male
"Bedford, Mr. William Barnet",male
"Beedem, Mr. George Arthur",male
"Beere, Mr. William",male
"Benham, Mr. Frederick",male
"Bennett, Mrs. Mabel",female
"Bessant, Mr. Edward William",male
"Best, Mr. Alfred",male
"Blake, Mr. Seaton",male
"Bishop, Mr. Walter Alexander",male
"Bliss, Mrs. Emma (nÃƒÂ©e Junod)",female
"Bochatay, Mr. Alexis Joseph",male
"Bogie, Mr. Norman Leslie",male
"Bond, Mr. William John",male
"Boothby, Mr. W.",male
"Boston, Mr. William John",male
"Boughton, Mr. B.",male
"Boyd, Mr. John",male
"Boyes, Mr. John Henry",male
"Bradshaw, Mr. J.A.",male
"Brewster, Mr. George H.",male
"Bride, Mr. Harold Sydney",male
"Bristow, Mr. Robert Charles",male
"Bristow, Mr. Harry",male
"Brookman, Mr, John",male
"Broom, Mr. H.",male
"Broome, Mr. Athol Frederick",male
"Brown, Mr. Edward",male
"Brown, Mr. Walter James",male
"Buckley, Mr. H.E.",male
"Bull, Mr. W.",male
"Bulley, Mr. Henry Ashburnham",male
"Bunnell, Mr. Wilfred",male
"Burgess, Mr. Charles Reginald",male
"Burke, Mr. Richard Edward",male
"Burke, Mr. William",male
"Burr, Mr. Ewart",male
"Burrage, Mr. Alfred",male
"Butt, Mr. Robert Henry",male
"Butterworth, Mr. John",male
"Byrne, Mr. J.E.",male
"Campbell, Mr. Donald S.",male
"Carney, Mr. William",male
"Cartwright, Mr. James Edward",male
"Casswill, Mr. Charles",male
"Caton, Miss Annie",female
"Caunt, Mr. William Ewart",male
"Cave, Mr. Herbert",male
"Cecil, Mr. C.",male
"Chapman, Mr. Joseph Charles",male
"Charman, Mr. John",male
"Cheverton, Mr. William Edward",male
"Chitty, Mr. Archibald George",male
"Chitty, Mr. George Henry",male
"Christmas, Mr. H.",male
"Coleman, Mr. Albert Edward",male
"Colgan, Mr. E. Joseph",male
"Collins, Mr. John",male
"Conway, Mr. P.W.",male
"Cook, Mr. George",male
"Coombs, Mr. Augustus Charles",male
"Corben, Mr. Ernest Theodore",male
"Coutin, Mr. Auguste Louis",male
"Cox, Mr. William Denton",male
"Crafter, Mr. Frederick",male
"Crawford, Mr. Alfred",male
"Crisp, Mr. Albert Hector",male
"Crispin, Mr. William",male
"Crosby, Mr. J. Bertram",male
"Crowe, Mr. George Frederick",male
"Crumplin, Mr. Charles",male
"Cullen, Mr. Charles",male
"Cunningham, Mr. Andrew",male
"Daniels, Mr. Sidney Edward",male
"Dashwood, Mr. William George",male
"Davies, Mr. Gordon Raleigh",male
"Davies, Mr. John James",male
"Davies, Mr. Robert J.",male
"Dean, Mr. George H.",male
"Deeble, Mr. Alfred Arnold",male
"Derrett, Mr. Albert",male
"Deslands, Mr. Percival Stainer",male
"Desvernine, Mr. Louis Gabriel",male
"Dinenage, Mr. James Richard",male
"Dodd, Mr. George Charles",male
"Dolby, Mr. Joseph",male
"Donoghue, Mr. Frank",male
"Doughty, Mr. W.",male
"Dunford, Mr. William",male
"Dyer, Mr. William",male
"Edbrooke, Mr. F.",male
"Ede, Mr. George B.",male
"Edge, Mr. Frederick William",male
"Edwards, Mr. Clement",male
"Egg, Mr. W.H.",male
"Ellis, Mr. John Bertram",male
"Ennis, Mr. Walter",male
"Etches, Mr. Henry Samuel",male
"Evans, Mr. George Richard",male
"Fairall, Mr. Henry",male
"Farrenden, Mr. Ernest John",male
"Faulkner, Mr. William Stephen",male
"Fellowes, Mr. Alfred J.",male
"Feltham, Mr. G.",male
"Finch, Mr. Harry",male
"Fletcher, Mr. Peter W.",male
"Foley, Mr. William C.",male
"Ford, Mr. Ernest",male
"Ford, Mr. F.",male
"Fox, Mr. William Thomas",male
"Franklin, Mr. Alan Vincent",male
"Freeman, Mr. Ernest Edward Samuel",male
"Geddes, Mr. Richard Charles",male
"Gibbons, Mr. Jacob William",male
"Giles, Mr. John Robert",male
"Gill, Mr. Joseph Stanley",male
"Gill, Mr. Patrick",male
"Gold, Mrs. Katherine (nÃƒÂ©e Cook)",female
"Gollop, Mr. F.",male
"Goshawk, Mr. Arthur James",male
"Gregson, Miss Mary",female
"Gunn, Mr. Joseph Alfred",male
"Guy, Mr. Edward John",male
"Halford, Mr. Richard",male
"Hall, Mr. F.A.J.",male
"Hamblyn, Mr. Ernest William",male
"Hamilton, Mr. Ernest",male
"Harding, Mr. A.",male
"Hardwick, Mr. Reginald",male
"Hardy, Mr. John T.",male
"Harris, Mr. Charles William",male
"Harris, Mr. Clifford Henry",male
"Harris, Mr. Edward",male
"Harrison, Mr. Aragon D.",male
"Hart, Mr. John Edward",male
"Hartnell, Mr. Frederick",male
"Hatch, Mr. Hugh",male
"Hawkesworth, Mr. James",male
"Hawkesworth, Mr. William Walter",male
"Hayter, Mr. Arthur",male
"Heinen, Mr. Joseph",male
"Hendy, Mr. Edward Martin",male
"Hensford, Mr. Herbert George",male
"Hewett, Mr. Thomas",male
"Hill, Mr. H.P.",male
"Hill, Mr. James Colston",male
"Hinckley, Mr. George",male
"Hine, Mr. William Edward",male
"Hiscock, Mr. S.",male
"Hoare, Mr. Leonard James",male
"Hogg, Mr. Charles William",male
"Hogue, Mr. E.",male
"Holland, Mr. Thomas",male
"Holloway, Mr. Sidney",male
"Hopkins, Mr. F.",male
"House, Mr. William",male
"Howell, Mr. Arthur Albert",male
"Hughes, Mr. William Thomas",male
"Humby, Mr. Frederick",male
"Humphreys, Mr. Thomas Humphrey",male
"Hutchinson, Mr. James",male
"Hyland, Mr. Leo James",male
"Ide, Mr. Harry John",male
"Ingrouille, Mr. Henry",male
"Ings, Mr. William Ernest",male
"Jackson, Mr. Cecil",male
"Janaway, Mr. William Frank",male
"Jenner, Mr. Harry",male
"Jensen, Mr. Charles Valdemar",male
"Jessop, Miss Violet Constance",female
"Johnson Thorne, Mr. Harry",male
"Johnston, Mr. James",male
"Jones, Mr. Albert",male
"Jones, Mr. Arthur Ernest",male
"Jones, Mr. H.",male
"Jones, Mr. Reginald V.",male
"Joughin, Mr. Charles John",male
"Keen, Mr. Percy Edward",male
"Kelland, Mr. Thomas",male
"Kennell, Mr. Charles",male
"Kerley, Mr. William Thomas",male
"Ketchley, Mr. Henry",male
"Kieran, Mr. James W.",male
"Kieran, Mr. Michael",male
"King, Mr. Alfred",male
"King, Mr. Ernest Waldron",male
"King, Mr. G.",male
"Kingscote, Mr. William Ford",male
"Kirkaldy, Mr. Thomas",male
"Kitching, Mr. Arthur Alfred",male
"Klein, Mr. Herbert",male
"Knight, Mr. George",male
"Knight, Mr. Leonard George",male
"Lacey, Mr. Bert W.",male
"Lake, Mr. William",male
"Lane, Mr. Albert Edward",male
"Latimer, Mr. Andrew L.",male
"Lavington, Miss Bessie",female
"Lawrence, Mr. Arthur",male
"Leader, Mr. Archie",male
"Leather, Mrs Elizabeth May",female
"Lefebvre, Mr. Paul Georges",male
"Leonard, Mr. Matthew",male
"Levett, Mr. George Alfred",male
"Lewis, Mr. Arthur Ernest",male
"Light, Mr. C.",male
"Littlejohn, Mr. Alexander James",male
"Lloyd, Mr. Humphrey",male
"Locke, Mr. A.",male
"Longmuir, Mr. John Dickson",male
"Lovell, Mr. John",male
"Lucas, Mr. William",male
"Lydiatt, Mr. Charles",male
"Mabey, Mr. J.",male
"Mackay, Mr. Charles Donald",male
"Mackie, Mr. George William",male
"Major, Mr. Thomas Edgar",male
"Mantle, Mr. Roland Frederick",male
"Marks, Mr. J.",male
"Marriott, Mr. J.W.",male
"Marsden, Miss Evelyn",female
"Martin, Mrs. Annie",female
"Martin, Mr. F.",male
"Maynard, Mr. Isaac Hiram",male
"Maytum, Mr. Alfred",male
"McCarthy, Mr. Frederick",male
"McCawley, Mr. Thomas W.",male
"McElroy, Mr. Hugh Walter",male
"McGrady, Mr. James",male
"McLaren, Mrs.",female
"McMicken, Mr. Arthur",male
"McMicken, Mr. Benjamin Tucker",male
"McMullin, Mr. James",male
"McMurray, Mr. William Ernest",male
"Mellor, Mr. Arthur",male
"Middleton, Mr. M.V.",male
"Mills, Mr. Christopher",male
"Mishellamy, Mr. Abraham",male
"Moore, Mr. Alfred Ernest",male
"Morgan (Bird), Mr. Charles Frederick",male
"Morris, Mr. Frank Herbert",male
"Moss, Mr. William",male
"Mullen, Mr. Thomas A.",male
"Neal, Mr. Henry",male
"Nicholls, Mr. Sidney",male
"Nichols, Mr. A. D.",male
"Nichols, Mr. Walter Henry",male
"O'Connor, Mr. Thomas Peter",male
"Olive, Mr. Ernest Roskelly",male
"Orpet, Mr. Walter Hayward",male
"Orr, Mr. J.",male
"Osbourne, Mr. William Edward",male
"Owen, Mr. Lewis",male
"Pacey, Mr. Reginald Ivan",male
"Paintin, Mr. James Arthur",male
"Parsons, Mr. Edward",male
"Parsons, Mr. Richard",male
"Pearce, Mr. Alfred Ernest",male
"Pearcey, Mr. Albert Victor",male
"Pennal, Mr. Thomas Francis",male
"Penny, Mr. William Far",male
"Penrose, Mr. John Poole",male
"Perkins, Mr. Laurence Alexander",male
"Perrin, Mr. William Charles",male
"Perriton, Mr. Hubert Prouse",male
"Petty, Mr. Edwin Henry",male
"Pfropper, Mr. Richard",male
"Phillimore, Mr. Harold Charles William",male
"Phillips, Mr. John George Jack""""""""",male
"Platt, Mr. W.",male
"Pook, Mr. P.",male
"Port, Mr. Frank",male
"Porteus, Mr. Thomas",male
"Prentice, Mr. Frank Winnold",male
"Prichard, Mrs. Alice",female
"Prideaux, Mr. John Arthur Jack""""""""",male
"Prior, Mr. Harold John",male
"Proctor, Mr. Charles",male
"Pryce, Mr. Charles William",male
"Pugh, Mr. Alfred",male
"Pusey, Mr. John E.",male
"Randall, Mr. Frank Henry",male
"Ransom, Mr. James",male
"Rattonbury, Mr. William Henry",male
"Ray, Mr. Frederick Dent",male
"Reed, Mr. Charles S.",male
"Revell, Mr. William",male
"Rice, Mr. John Reginald",male
"Ricks, Mr. Cyril G.",male
"Ridout, Mr. W.",male
"Rimmer, Mr. Gilbert",male
"Roberton, Mr. George Edward",male
"Roberts, Mr. Frank John",male
"Roberts, Mr. Hugh H.",male
"Roberts, Mrs. Mary Kezziah (nÃƒÂ©e Humphrys)",female
"Robinson, Mrs. Annie ",female
"Robinson, Mr. James William",male
"Rogers, Mr. Edward James William",male
"Rogers, Mr. Michael",male
"Ross, Mr. Horace Leopold",male
"Rowe, Mr. Edward M.",male
"Rule, Mr. Samuel James",male
"Russell, Mr. Boysie Richard",male
"Ryan, Mr. Tom",male
"Ryerson, Mr. William Edwy",male
"Samuel, Mr. Owen Wilmore",male
"Saunders, Mr. D. E.",male
"Savage, Mr. Charles J.",male
"Scott, Mr. John",male
"Scovell, Mr. Robert",male
"Sedunary, Mr. Sidney Francis",male
"Shea, Mr. John",male
"Slight, Mr. Harry John",male
" Sloan, Miss Mary",female
" Slocombe, Mrs Maud (nÃƒÂ©e Waldon)",female
"Smillie, Mr. John",male
"Smith, Mr. Charles Edward",male
" Smith, Miss Katherine E.",female
" Snape, Mrs Lucy Violet",female
"Stap, Miss Sarah Agnes",female
"Stone, Mr. Edmond J.",male
"Stone, Mr. Edward Thomas",male
"Talbot, Mr. George Frederick Charles.",male
"Taylor, Mr. William",male
"Teuton, Mr. Thomas Moore",male
"Turner, Mr. L[eopold].",male
"Veal, Mr. Thomas H.E.",male
"Wake, Mr. T.",male
"Wallis, Mrs Catherine Jane",female
"Walpole, Mr. James",male
" Walsh, Miss Catherine",female
"Ward, Mr. Edward",male
"Ward, Mr. Percy T.",male
"Ward, Mr. William",male
"Wareham, Mr. Robert Arthur",male
"Warwick, Mr. Thomas",male
"Weatherston, Mr. Thomas",male
"Weikman, Mr. August",male
"White, Mr J.W.",male
"White, Mr. L.",male
"Whiteley, Mr. Thomas",male
"Whitford, Mr. A.H.",male
"Whittman, Mr. Henry",male
"Widgery, Mr. James G.",male
"Wildebank, Mr. Alfred E.",male
"Williams, Mr. Walter J.",male
"Willis, Mr. William",male
"Wiltshire, Mr. W.",male
"Witter, Mr. James W.C.",male
"Wood, Mr. J.T.",male
"Wormald, Mr. Frederick William",male
"Wrapson, Mr. Frederick B.",male
"Wright, Mr. Frederick",male
"Wright, Mr. William",male
"Yearsley, Mr. Harry",male
"Yoshack, Mr. James A.",male
"Allaria, Signore Battista Antonio",male
"Aspeslagh, Mr. Georges",male
"Banfi, Signore Ugo",male
"Basilico, Signore Giovanni",male
"Bazzi, Signore Narciso",male
"Bernardi, Signore Battista",male
"Beux, Mr. David",male
"Bietrix, Mr. George Baptiste",male
"Blument, Mr. Jean Baptiste",male
"Bochet, Mr. Pierre Giuseppe",male
"Bolhuis, Mr. Hendrik Hennie""""""""",male
"Bowker, Miss Ruth",female
"Casali, Signore Giulio",male
"Chaboisson, Mr. Adrien Finnin",male
"Cornaire, Mr.  Marcel Raymond AndrÃƒÂ©",male
"Crovella, Signore Luigi",male
"De Marsico, Signore Giovanni",male
"Debreucq, Mr. Maurice Emile Victor",male
"Donati, Signore Italo Francesco",male
"Dornier, Mr. Louis Auguste",male
"Fey, Signore Carlo",male
"Fioravante, Signore Giuseppe Bertoldo",male
"Gatti, Signore Gaspare Antonio Pietro Luigi""""""""",male
"Gilardino, Signore Vincenzo Pio",male
"Grosclaude, Mr. GÃƒÂ©rald",male
"Jaillet, Mr. Henri Marie",male
"Janin, Mr. Claude Marie",male
"Jeffery, Mr. William Alfred",male
"Jouannault, Mr. Georges Jules",male
"Martin, Miss Margaret Edwina Mabel""""""""",female
"Mattmann, Mr. Adolf",male
"MaugÃƒÂ©, Mr. Paul Achille Maurice Germain",male
"Monteverdi, Signore Giovanni",male
"Mourous, Mr. Jean Javier",male
"Nannini, Signore Francesco Luigi",male
"Pachera, Signore Jean Baptiste Stanislas",male
"Pedrini, Signore Alessandro",male
"Peracchio, Signore Alberto",male
"Peracchio, Signore Sebastiano",male
"Perotti, Signore Alfonso",male
"Phillips, Mr. Walter John",male
"Piatti, Signore Luigi",male
"Piazza, Signore Pompeo",male
"Poggi, Signore Emilio",male
"Price, Mr. Ernest",male
"Ratti, Signore Enrico",male
"Ricaldone, Signore Rinaldo Renato",male
"Rigozzi, Signore Abele",male
"Rotta, Signore Angelo Mario",male
"Rousseau, Mr. Pierre",male
"Saccaggi, Signore Giovanni Giuseppe Emilio",male
"Salussolia, Signore Giovanni",male
"Sartori, Signore Lazar",male
"Scavino, Signore Candido",male
"Sesia, Signore Giacomo",male
"Testoni, Signore Ercole",male
"Tietz, Mr. Karl",male
"Turvey, Mr. Charles",male
"Urbini, Signore Roberto",male
"Valvassori, Signore Ettore Luigi",male
"Vicat, Mr. Alphonse Jean Eugene",male
"Villvarlange, Mr. Pierre LÃƒÂ©on Gabriel",male
"Vine, Mr. H.",male
"Vioni, Signore Roberto",male
"Voegelin-Dubach, Mr. Johannes",male
"Zanetti, Signore Minio",male
"Zarracchi, Signore L.",male
"Gwinn, Mr. William Logan",male
"March, Mr. John Starr",male
"Smith, Mr. John Richard Jago""""""""",male
"Williamson, Mr. James Bertram",male
"Woody, Mr. Oscar Scott",male
"Andrews, Mr. Thomas",male
"Campbell, Mr. William Henry",male
"Chisholm, Mr. Roderick Robert Crispin",male
"Cunningham, Mr. Alfred Fleming",male
"Frost, Mr. Anthony Wood Artie""""""""",male
"Knight, Mr. Robert J.",male
"Parkes, Mr. Francis Frank""""""""",male
"Parr, Mr. William Henry Marsh",male
"Watson, Mr. Ennis Hastings",male
"Brailey, Mr. W. Theodore Ronald",male
"Bricoux, Mr. Roger Marie",male
" Clarke, Mr. John Frederick Preston ",male
"Hartley, Mr. Wallace Henry",male
"Hume, Mr. John Law Jock""""""""",male
"Krins, Mr. Georges Alexandre",male
"Taylor, Mr. Percy Cornelius ",male
"Woodward, Mr. John Wesley ",male
"Braund, Mr. Owen Harris",male
"Cumings, Mrs. John Bradley (Florence Briggs Thayer)",female
"Heikkinen, Miss. Laina",female
"Futrelle, Mrs. Jacques Heath (Lily May Peel)",female
"Allen, Mr. William Henry",male
"McCarthy, Mr. Timothy J",male
"Palsson, Master. Gosta Leonard",male
"Johnson, Mrs. Oscar W (Elisabeth Vilhelmina Berg)",female
"Nasser, Mrs. Nicholas (Adele Achem)",female
"Sandstrom, Miss. Marguerite Rut",female
"Bonnell, Miss. Elizabeth",female
"Saundercock, Mr. William Henry",male
"Andersson, Mr. Anders Johan",male
"Vestrom, Miss. Hulda Amanda Adolfina",female
"Hewlett, Mrs. (Mary D Kingcome) ",female
"Rice, Master. Eugene",male
"Vander Planke, Mrs. Julius (Emelia Maria Vandemoortele)",female
"Fynney, Mr. Joseph J",male
"Beesley, Mr. Lawrence",male
"McGowan, Miss. Anna "Annie"""",female
"Sloper, Mr. William Thompson",male
"Palsson, Miss. Torborg Danira",female
"Asplund, Mrs. Carl Oscar (Selma Augusta Emilia Johansson)",female
"Fortune, Mr. Charles Alexander",male
"Uruchurtu, Don. Manuel E",male
"Wheadon, Mr. Edward H",male
"Meyer, Mr. Edgar Joseph",male
"Holverson, Mr. Alexander Oskar",male
"Cann, Mr. Ernest Charles",male
"Vander Planke, Miss. Augusta Maria",female
"Nicola-Yarred, Miss. Jamila",female
"Ahlin, Mrs. Johan (Johanna Persdotter Larsson)",female
"Turpin, Mrs. William John Robert (Dorothy Ann Wonnacott)",female
"Laroche, Miss. Simonne Marie Anne Andree",female
"Devaney, Miss. Margaret Delia",female
"Arnold-Franchi, Mrs. Josef (Josefine Franchi)",female
"Panula, Master. Juha Niilo",male
"Nosworthy, Mr. Richard Cater",male
"Harper, Mrs. Henry Sleeper (Myna Haxtun)",female
"Faunthorpe, Mrs. Lizzie (Elizabeth Anne Wilkinson)",female
"Ostby, Mr. Engelhart Cornelius",male
"Rugg, Miss. Emily",female
"Novel, Mr. Mansouer",male
"West, Miss. Constance Mirium",female
"Goodwin, Master. William Frederick",male
"Sirayanian, Mr. Orsen",male
"Icard, Miss. Amelie",female
"Harris, Mr. Henry Birkhardt",male
"Skoog, Master. Harald",male
"Nye, Mrs. (Elizabeth Ramell)",female
"Crease, Mr. Ernest James",male
"Andersson, Miss. Erna Alexandra",female
"Kink, Mr. Vincenz",male
"Jenkin, Mr. Stephen Curnow",male
"Goodwin, Miss. Lillian Amy",female
"Hood, Mr. Ambrose Jr",male
"Chronopoulos, Mr. Apostolos",male
"Bing, Mr. Lee",male
"Moen, Mr. Sigurd Hansen",male
"Caldwell, Master. Alden Gates",male
"Dowdell, Miss. Elizabeth",female
"Waelens, Mr. Achille",male
"Sheerlinck, Mr. Jan Baptist",male
"Carrau, Mr. Francisco M",male
"Ilett, Miss. Bertha",female
"Backstrom, Mrs. Karl Alfred (Maria Mathilda Gustafsson)",female
"Ford, Mr. William Neal",male
"Fortune, Miss. Mabel Helen",female
"Celotti, Mr. Francesco",male
"Christmann, Mr. Emil",male
"Andreasson, Mr. Paul Edvin",male
"Chaffee, Mr. Herbert Fuller",male
"Dean, Mr. Bertram Frank",male
"Coxon, Mr. Daniel",male
"Goldschmidt, Mr. George B",male
"Greenfield, Mr. William Bertram",male
"Doling, Mrs. John T (Ada Julia Bone)",female
"Kantor, Mr. Sinai",male
"Petranec, Miss. Matilda",female
"White, Mr. Richard Frasar",male
"Johansson, Mr. Gustaf Joel",male
"Gustafsson, Mr. Anders Vilhelm",male
"Mionoff, Mr. Stoytcho",male
"Salkjelsvik, Miss. Anna Kristine",female
"Rekic, Mr. Tido",male
"Porter, Mr. Walter Chamberlain",male
"Zabour, Miss. Hileni",female
"Barton, Mr. David John",male
"Jussila, Miss. Katriina",female
"Attalah, Miss. Malake",female
"Pekoniemi, Mr. Edvard",male
"Connors, Mr. Patrick",male
"Turpin, Mr. William John Robert",male
"Baxter, Mr. Quigg Edmond",male
"Andersson, Miss. Ellis Anna Maria",female
"Hickman, Mr. Stanley George",male
"Nasser, Mr. Nicholas",male
"Webber, Miss. Susan",female
"White, Mr. Percival Wayland",male
"Nicola-Yarred, Master. Elias",male
"Madsen, Mr. Fridtjof Arne",male
"Ekstrom, Mr. Johan",male
"Drazenoic, Mr. Jozef",male
"Coelho, Mr. Domingos Fernandeo",male
"Robins, Mrs. Alexander A (Grace Charity Laury)",female
"Weisz, Mrs. Leopold (Mathilde Francoise Pede)",female
"Sobey, Mr. Samuel James Hayden",male
"Richard, Mr. Emile",male
"Newsom, Miss. Helen Monypeny",female
"Futrelle, Mr. Jacques Heath",male
"Osen, Mr. Olaf Elon",male
"Giglio, Mr. Victor",male
"Nysten, Miss. Anna Sofia",female
"Hakkarainen, Mrs. Pekka Pietari (Elin Matilda Dolck)",female
"Burke, Mr. Jeremiah",male
"Andrew, Mr. Edgardo Samuel",male
"Nicholls, Mr. Joseph Charles",male
"Andersson, Mr. August Edvard ("Wennerstrom"")"",male
"Ford, Miss. Robina Maggie "Ruby"""",female
"Navratil, Mr. Michel ("Louis M Hoffman"")"",male
"Byles, Rev. Thomas Roussel Davids",male
"Bateman, Rev. Robert James",male
"Pears, Mrs. Thomas (Edith Wearne)",female
"Meo, Mr. Alfonzo",male
"van Billiard, Mr. Austin Blyler",male
"Williams, Mr. Charles Duane",male
"Gilnagh, Miss. Katherine "Katie"""",female
"Corn, Mr. Harry",male
"Cribb, Mr. John Hatfield",male
"Watt, Mrs. James (Elizabeth "Bessie"" Inglis Milne)"",female
"Bengtsson, Mr. John Viktor",male
"Calic, Mr. Jovo",male
"Panula, Master. Eino Viljami",male
"Goldsmith, Master. Frank John William "Frankie"""",male
"Skoog, Mrs. William (Anna Bernhardina Karlsson)",female
"Ling, Mr. Lee",male
"Van der hoef, Mr. Wyckoff",male
"Rice, Master. Arthur",male
"Johnson, Miss. Eleanor Ileen",female
"Sivola, Mr. Antti Wilhelm",male
"Smith, Mr. James Clinch",male
"Klasen, Mr. Klas Albin",male
"Isham, Miss. Ann Elizabeth",female
"Hale, Mr. Reginald",male
"Leonard, Mr. Lionel",male
"Asplund, Master. Clarence Gustaf Hugo",male
"Becker, Master. Richard F",male
"Kink-Heilmann, Miss. Luise Gretchen",female
"Romaine, Mr. Charles Hallace ("Mr C Rolmane"")"",male
"Bourke, Mr. John",male
"Turcin, Mr. Stjepan",male
"Pinsky, Mrs. (Rosa)",female
"Carbines, Mr. William",male
"Andersen-Jensen, Miss. Carla Christine Nielsine",female
"Navratil, Master. Michel M",male
"Brown, Mrs. James Joseph (Margaret Tobin)",female
"Lurette, Miss. Elise",female
"Olsen, Mr. Karl Siegwart Andreas",male
"Yrois, Miss. Henriette ("Mrs Harbeck"")"",female
"Vande Walle, Mr. Nestor Cyriel",male
"Johanson, Mr. Jakob Alfred",male
"Youseff, Mr. Gerious",male
"Cohen, Mr. Gurshon "Gus"""",male
"Strom, Miss. Telma Matilda",female
"Backstrom, Mr. Karl Alfred",male
"Albimona, Mr. Nassef Cassem",male
"Carr, Miss. Helen "Ellen"""",female
"Blank, Mr. Henry",male
"Ali, Mr. Ahmed",male
"Cameron, Miss. Clear Annie",female
"Perkin, Mr. John Henry",male
"Givard, Mr. Hans Kristensen",male
"Newell, Miss. Madeleine",female
"Honkanen, Miss. Eliina",female
"Jacobsohn, Mr. Sidney Samuel",male
"Bazzani, Miss. Albina",female
"Harris, Mr. Walter",male
"Sunderland, Mr. Victor Francis",male
"Bracken, Mr. James H",male
"Green, Mr. George Henry",male
"Hoyt, Mr. Frederick Maxfield",male
"Berglund, Mr. Karl Ivar Sven",male
"Mellors, Mr. William John",male
"Lovell, Mr. John Hall ("Henry"")"",male
"Fahlstrom, Mr. Arne Jonas",male
"Harris, Mrs. Henry Birkhardt (Irene Wallach)",female
"Larsson, Mr. Bengt Edvin",male
"Sjostedt, Mr. Ernst Adolf",male
"Asplund, Miss. Lillian Gertrud",female
"Leyson, Mr. Robert William Norman",male
"Hold, Mr. Stephen",male
"Collyer, Miss. Marjorie "Lottie"""",female
"Pengelly, Mr. Frederick William",male
"Hunt, Mr. George Henry",male
"Coleridge, Mr. Reginald Charles",male
"Maenpaa, Mr. Matti Alexanteri",male
"Attalah, Mr. Sleiman",male
"Minahan, Dr. William Edward",male
"Lindahl, Miss. Agda Thorilda Viktoria",female
"Hamalainen, Mrs. William (Anna)",female
"Beckwith, Mr. Richard Leonard",male
"Carter, Rev. Ernest Courtenay",male
"Strom, Mrs. Wilhelm (Elna Matilda Persson)",female
"Stead, Mr. William Thomas",male
"Lobb, Mr. William Arthur",male
"Rosblom, Mrs. Viktor (Helena Wilhelmina)",female
"Touma, Mrs. Darwis (Hanne Youssef Razi)",female
"Cherry, Miss. Gladys",female
"Ward, Miss. Anna",female
"Parrish, Mrs. (Lutie Davis)",female
"Asplund, Master. Edvin Rojj Felix",male
"Taussig, Mr. Emil",male
"Harrison, Mr. William",male
"Reeves, Mr. David",male
"Panula, Mr. Ernesti Arvid",male
"Persson, Mr. Ernst Ulrik",male
"Graham, Mrs. William Thompson (Edith Junkins)",female
"Bissette, Miss. Amelia",female
"Tornquist, Mr. William Henry",male
"Mellinger, Mrs. (Elizabeth Anne Maidment)",female
"Natsch, Mr. Charles H",male
"Andrews, Miss. Kornelia Theodosia",female
"Lindblom, Miss. Augusta Charlotta",female
"Rice, Master. Eric",male
"Abbott, Mrs. Stanton (Rosa Hunt)",female
"Duane, Mr. Frank",male
"Olsson, Mr. Nils Johan Goransson",male
"de Pelsmaeker, Mr. Alfons",male
"Dorking, Mr. Edward Arthur",male
"Stankovic, Mr. Ivan",male
"de Mulder, Mr. Theodore",male
"Naidenoff, Mr. Penko",male
"Hosono, Mr. Masabumi",male
"Connolly, Miss. Kate",female
"Barber, Miss. Ellen "Nellie"""",female
"Bishop, Mrs. Dickinson H (Helen Walton)",female
"Levy, Mr. Rene Jacques",male
"Haas, Miss. Aloisia",female
"Mineff, Mr. Ivan",male
"Hanna, Mr. Mansour",male
"Allison, Miss. Helen Loraine",female
"Baxter, Mrs. James (Helene DeLaudeniere Chaput)",female
"Johnson, Mr. William Cahoone Jr",male
"Allison, Master. Hudson Trevor",male
"Penasco y Castellana, Mrs. Victor de Satode (Maria Josefa Perez de Soto y Vallejo)",female
"Abelson, Mr. Samuel",male
"Francatelli, Miss. Laura Mabel",female
"Hays, Miss. Margaret Bechstein",female
"Ryerson, Miss. Emily Borie",female
"Lahtinen, Mrs. William (Anna Sylfven)",female
"Hendekovic, Mr. Ignjac",male
"Hart, Mr. Benjamin",male
"Nilsson, Miss. Helmina Josefina",female
"Kantor, Mrs. Sinai (Miriam Sternin)",female
"Moraweck, Dr. Ernest",male
"Wick, Miss. Mary Natalie",female
"Spedden, Mrs. Frederic Oakley (Margaretta Corning Stone)",female
"Dennis, Mr. Samuel",male
"Danoff, Mr. Yoto",male
"Slayter, Miss. Hilda Mary",female
"Caldwell, Mrs. Albert Francis (Sylvia Mae Harbaugh)",female
"Young, Miss. Marie Grice",female
"Nysveen, Mr. Johan Hansen",male
"Ball, Mrs. (Ada E Hall)",female
"Goldsmith, Mrs. Frank John (Emily Alice Brown)",female
"Hippach, Miss. Jean Gertrude",female
"Partner, Mr. Austen",male
"Graham, Mr. George Edward",male
"Vander Planke, Mr. Leo Edmondus",male
"Pears, Mr. Thomas Clinton",male
"Burns, Miss. Elizabeth Margaret",female
"Dahl, Mr. Karl Edwart",male
"Blackwell, Mr. Stephen Weart",male
"Navratil, Master. Edmond Roger",male
"Fortune, Miss. Alice Elizabeth",female
"Collander, Mr. Erik Gustaf",male
"Sedgwick, Mr. Charles Frederick Waddington",male
"Fox, Mr. Stanley Hubert",male
"Brown, Miss. Amelia "Mildred"""",female
"Smith, Miss. Marion Elsie",female
"Coutts, Master. William Loch "William"""",male
"Dimic, Mr. Jovan",male
"Odahl, Mr. Nils Martin",male
"Elias, Mr. Tannous",male
"Arnold-Franchi, Mr. Josef",male
"Vanden Steen, Mr. Leo Peter",male
"Bowerman, Miss. Elsie Edith",female
"Funk, Miss. Annie Clemmer",female
"Skoog, Mr. Wilhelm",male
"del Carlo, Mr. Sebastiano",male
"Barbara, Mrs. (Catherine David)",female
"Asim, Mr. Adola",male
"Adahl, Mr. Mauritz Nils Martin",male
"Warren, Mrs. Frank Manley (Anna Sophia Atkinson)",female
"Aubart, Mme. Leontine Pauline",female
"Harder, Mr. George Achilles",male
"Wiklund, Mr. Jakob Alfred",male
"Beavan, Mr. William Thomas",male
"Ringhini, Mr. Sante",male
"Palsson, Miss. Stina Viola",female
"Landergren, Miss. Aurora Adelia",female
"Widener, Mr. Harry Elkins",male
"Betros, Mr. Tannous",male
"Gustafsson, Mr. Karl Gideon",male
"Bidois, Miss. Rosalie",female
"Nakid, Miss. Maria ("Mary"")"",female
"Tikkanen, Mr. Juho",male
"Holverson, Mrs. Alexander Oskar (Mary Aline Towner)",female
"Davies, Mr. Charles Henry",male
"Goodwin, Master. Sidney Leonard",male
"Buss, Miss. Kate",female
"Lehmann, Miss. Bertha",female
"Carter, Mr. William Ernest",male
"Jansson, Mr. Carl Olof",male
"Gustafsson, Mr. Johan Birger",male
"Newell, Miss. Marjorie",female
"Sandstrom, Mrs. Hjalmar (Agnes Charlotta Bengtsson)",female
"Johansson, Mr. Erik",male
"Olsson, Miss. Elina",female
"McKane, Mr. Peter David",male
"Pain, Dr. Alfred",male
"Trout, Mrs. William H (Jessie L)",female
"Niskanen, Mr. Juha",male
"Adams, Mr. John",male
"Jussila, Miss. Mari Aina",female
"Hakkarainen, Mr. Pekka Pietari",male
"Oreskovic, Miss. Marija",female
"Gale, Mr. Shadrach",male
"Widegren, Mr. Carl/Charles Peter",male
"Richards, Master. William Rowe",male
"Birkeland, Mr. Hans Martin Monsen",male
"Minahan, Miss. Daisy E",female
"Sundman, Mr. Johan Julian",male
"Drew, Mrs. James Vivian (Lulu Thorne Christian)",female
"Silven, Miss. Lyyli Karoliina",female
"Matthews, Mr. William John",male
"Van Impe, Miss. Catharina",female
"Charters, Mr. David",male
"Zimmerman, Mr. Leo",male
"Danbom, Mrs. Ernst Gilbert (Anna Sigrid Maria Brogren)",female
"Rosblom, Mr. Viktor Richard",male
"Clarke, Mrs. Charles V (Ada Maria Winfield)",female
"Phillips, Miss. Kate Florence ("Mrs Kate Louise Phillips Marshall"")"",female
"Pickard, Mr. Berk (Berk Trembisky)",male
"Bjornstrom-Steffansson, Mr. Mauritz Hakan",male
"Louch, Mrs. Charles Alexander (Alice Adelaide Slow)",female
"Kallio, Mr. Nikolai Erland",male
"Silvey, Mr. William Baird",male
"Carter, Miss. Lucile Polk",female
"Ford, Miss. Doolina Margaret "Daisy"""",female
"Richards, Mrs. Sidney (Emily Hocking)",female
"Fortune, Mr. Mark",male
"Kvillner, Mr. Johan Henrik Johannesson",male
"Hart, Mrs. Benjamin (Esther Ada Bloomfield)",female
"Hampe, Mr. Leon",male
"Petterson, Mr. Johan Emil",male
"Reynaldo, Ms. Encarnacion",female
"Dodge, Master. Washington",male
"Mellinger, Miss. Madeleine Violet",female
"Seward, Mr. Frederic Kimber",male
"Baclini, Miss. Marie Catherine",female
"Peuchen, Major. Arthur Godfrey",male
"West, Mr. Edwy Arthur",male
"Foreman, Mr. Benjamin Laventall",male
"Goldenberg, Mr. Samuel L",male
"Jalsevac, Mr. Ivan",male
"Millet, Mr. Francis Davis",male
"Toomey, Miss. Ellen",female
"Anderson, Mr. Harry",male
"Morley, Mr. William",male
"Gee, Mr. Arthur H",male
"Milling, Mr. Jacob Christian",male
"Goncalves, Mr. Manuel Estanslas",male
"Smart, Mr. John Montgomery",male
"Baclini, Miss. Helene Barbara",female
"Cacic, Mr. Luka",male
"West, Mrs. Edwy Arthur (Ada Mary Worth)",female
"Jerwan, Mrs. Amin S (Marie Marthe Thuillard)",female
"Strandberg, Miss. Ida Sofia",female
"Renouf, Mr. Peter Henry",male
"Braund, Mr. Lewis Richard",male
"Karlsson, Mr. Nils August",male
"Hirvonen, Miss. Hildur E",female
"Goodwin, Master. Harold Victor",male
"Rouse, Mr. Richard Henry",male
"Turkula, Mrs. (Hedwig)",female
"Bishop, Mr. Dickinson H",male
"Hoyt, Mrs. Frederick Maxfield (Jane Anne Forby)",female
"Kent, Mr. Edward Austin",male
"Somerton, Mr. Francis William",male
"Coutts, Master. Eden Leslie "Neville"""",male
"Windelov, Mr. Einar",male
"Molson, Mr. Harry Markland",male
"Artagaveytia, Mr. Ramon",male
"Stanley, Mr. Edward Roland",male
"Eustis, Miss. Elizabeth Mussey",female
"Allison, Mrs. Hudson J C (Bessie Waldo Daniels)",female
"Svensson, Mr. Olof",male
"Calic, Mr. Petar",male
"Canavan, Miss. Mary",female
"Laitinen, Miss. Kristina Sofia",female
"Maioni, Miss. Roberta",female
"Penasco y Castellana, Mr. Victor de Satode",male
"Quick, Mrs. Frederick Charles (Jane Richards)",female
"Olsen, Mr. Henry Margido",male
"Lang, Mr. Fang",male
"Daly, Mr. Eugene Patrick",male
"McGough, Mr. James Robert",male
"Rothschild, Mrs. Martin (Elizabeth L. Barrett)",female
"Coleff, Mr. Satio",male
"Walker, Mr. William Anderson",male
"Lemore, Mrs. (Amelia Milley)",female
"Angle, Mrs. William A (Florence "Mary"" Agnes Hughes)"",female
"Pavlovic, Mr. Stefo",male
"Perreault, Miss. Anne",female
"Vovk, Mr. Janko",male
"Hippach, Mrs. Louis Albert (Ida Sophia Fischer)",female
"Farrell, Mr. James",male
"Ridsdale, Miss. Lucy",female
"Salonen, Mr. Johan Werner",male
"Hocking, Mr. Richard George",male
"Quick, Miss. Phyllis May",female
"Elias, Mr. Joseph Jr",male
"Cacic, Miss. Marija",female
"Hart, Miss. Eva Miriam",female
"Butt, Major. Archibald Willingham",male
"LeRoy, Miss. Bertha",female
"Frolicher, Miss. Hedwig Margaritha",female
"Crosby, Miss. Harriet R",female
"Andersson, Miss. Ingeborg Constanzia",female
"Andersson, Miss. Sigrid Elisabeth",female
"Beane, Mr. Edward",male
"Douglas, Mr. Walter Donald",male
"Nicholson, Mr. Arthur Ernest",male
"Beane, Mrs. Edward (Ethel Clarke)",female
"Goldsmith, Mr. Frank John",male
"Davies, Master. John Morgan Jr",male
"Thayer, Mr. John Borland Jr",male
"Sharp, Mr. Percival James R",male
"Leeni, Mr. Fahim ("Philip Zenni"")"",male
"Ohman, Miss. Velin",female
"Wright, Mr. George",male
"Duff Gordon, Lady. (Lucille Christiana Sutherland) ("Mrs Morgan"")"",female
"Taussig, Mrs. Emil (Tillie Mandelbaum)",female
"de Messemaeker, Mrs. Guillaume Joseph (Emma)",female
"Sivic, Mr. Husein",male
"Norman, Mr. Robert Douglas",male
"Davies, Mr. Alfred J",male
"Stoytcheff, Mr. Ilia",male
"Palsson, Mrs. Nils (Alma Cornelia Berglund)",female
"Jonsson, Mr. Carl",male
"Harris, Mr. George",male
"Appleton, Mrs. Edward Dale (Charlotte Lamson)",female
"Flynn, Mr. John Irwin ("Irving"")"",male
"Rush, Mr. Alfred George John",male
"Patchett, Mr. George",male
"Garside, Miss. Ethel",female
"Silvey, Mrs. William Baird (Alice Munger)",female
"Jussila, Mr. Eiriik",male
"Christy, Miss. Julie Rachel",female
"Thayer, Mrs. John Borland (Marian Longstreth Morris)",female
"Downton, Mr. William James",male
"Ross, Mr. John Hugo",male
"Taussig, Miss. Ruth",female
"Jarvis, Mr. John Denzil",male
"Frolicher-Stehli, Mr. Maxmillian",male
"Gilinski, Mr. Eliezer",male
"Rintamaki, Mr. Matti",male
"Stephenson, Mrs. Walter Bertram (Martha Eustis)",female
"Elsbury, Mr. William James",male
"Chapman, Mr. John Henry",male
"Van Impe, Mr. Jean Baptiste",male
"Johnson, Mr. Alfred",male
"Duff Gordon, Sir. Cosmo Edmund ("Mr Morgan"")"",male
"Jacobsohn, Mrs. Sidney Samuel (Amy Frances Christy)",female
"Torber, Mr. Ernst William",male
"Homer, Mr. Harry ("Mr E Haven"")"",male
"Lindell, Mr. Edvard Bengtsson",male
"Karaic, Mr. Milan",male
"Daniel, Mr. Robert Williams",male
"Laroche, Mrs. Joseph (Juliette Marie Louise Lafargue)",female
"Shutes, Miss. Elizabeth W",female
"Andersson, Mrs. Anders Johan (Alfrida Konstantia Brogren)",female
"Brocklebank, Mr. William Alfred",male
"Herman, Miss. Alice",female
"Danbom, Mr. Ernst Gilbert",male
"Lobb, Mrs. William Arthur (Cordelia K Stanlick)",female
"Becker, Miss. Marion Louise",female
"Gavey, Mr. Lawrence",male
"Yasbeck, Mr. Antoni",male
"Kimball, Mr. Edwin Nelson Jr",male
"Nakid, Mr. Sahid",male
"Hansen, Mr. Henry Damsgaard",male
"Bowen, Mr. David John "Dai"""",male
"Sutton, Mr. Frederick",male
"Kirkland, Rev. Charles Leonard",male
"Longley, Miss. Gretchen Fiske",female
"Bostandyeff, Mr. Guentcho",male
"Barkworth, Mr. Algernon Henry Wilson",male
"Lundahl, Mr. Johan Svensson",male
"Stahelin-Maeglin, Dr. Max",male
"Skoog, Miss. Mabel",female
"Davis, Miss. Mary",female
"Leinonen, Mr. Antti Gustaf",male
"Collyer, Mr. Harvey",male
"Panula, Mrs. Juha (Maria Emilia Ojala)",female
"Jensen, Mr. Hans Peder",male
"Sagesser, Mlle. Emma",female
"Skoog, Miss. Margit Elizabeth",female
"Baclini, Miss. Eugenie",female
"Harper, Mr. Henry Sleeper",male
"Cor, Mr. Liudevit",male
"Simonius-Blumer, Col. Oberst Alfons",male
"Stanley, Miss. Amy Zillah Elsie",female
"Doling, Miss. Elsie",female
"Kalvik, Mr. Johannes Halvorsen",male
"Hegarty, Miss. Hanora "Nora"""",female
"Hickman, Mr. Leonard Mark",male
"Bourke, Mrs. John (Catherine)",female
"Eitemiller, Mr. George Floyd",male
"Newell, Mr. Arthur Webster",male
"Frauenthal, Dr. Henry William",male
"Badt, Mr. Mohamed",male
"Colley, Mr. Edward Pomeroy",male
"Coleff, Mr. Peju",male
"Lindqvist, Mr. Eino William",male
"Hickman, Mr. Lewis",male
"Butler, Mr. Reginald Fenton",male
"Cook, Mr. Jacob",male
"Brown, Mrs. Thomas William Solomon (Elizabeth Catherine Ford)",female
"Davidson, Mr. Thornton",male
"Mitchell, Mr. Henry Michael",male
"Wilhelms, Mr. Charles",male
"Edvardsson, Mr. Gustaf Hjalmar",male
"Sawyer, Mr. Frederick Charles",male
"Turja, Miss. Anna Sofia",female
"Goodwin, Mrs. Frederick (Augusta Tyler)",female
"Cardeza, Mr. Thomas Drake Martinez",male
"Hassab, Mr. Hammad",male
"Olsvigen, Mr. Thor Anderson",male
"Goodwin, Mr. Charles Edward",male
"Brown, Mr. Thomas William Solomon",male
"Laroche, Mr. Joseph Philippe Lemercier",male
"Panula, Mr. Jaako Arnold",male
"Dakic, Mr. Branko",male
"Fischer, Mr. Eberhard Thelander",male
"Madill, Miss. Georgette Alexandra",female
"Dick, Mr. Albert Adrian",male
"Karun, Miss. Manca",female
"Saad, Mr. Khalil",male
"Weir, Col. John",male
"Chapman, Mr. Charles Henry",male
"Kelly, Mr. James",male
"Thayer, Mr. John Borland",male
"Humblen, Mr. Adolf Mathias Nicolai Olsen",male
"Astor, Mrs. John Jacob (Madeleine Talmadge Force)",female
"Silverthorne, Mr. Spencer Victor",male
"Barbara, Miss. Saiide",female
"Gallagher, Mr. Martin",male
"Hansen, Mr. Henrik Juul",male
"Morley, Mr. Henry Samuel ("Mr Henry Marshall"")"",male
"Kelly, Mrs. Florence "Fannie"""",female
"Calderhead, Mr. Edward Pennington",male
"Cleaver, Miss. Alice",female
"Mayne, Mlle. Berthe Antonine ("Mrs de Villiers"")"",female
"Taylor, Mr. Elmer Zebley",male
"Larsson, Mr. August Viktor",male
"Greenberg, Mr. Samuel",male
"Soholt, Mr. Peter Andreas Lauritz Andersen",male
"Endres, Miss. Caroline Louise",female
"Troutt, Miss. Edwina Celia "Winnie"""",female
"Johnson, Mr. Malkolm Joackim",male
"Harper, Miss. Annie Jessie "Nina"""",female
"Jensen, Mr. Svend Lauritz",male
"Gillespie, Mr. William Henry",male
"Hodges, Mr. Henry Price",male
"Chambers, Mr. Norman Campbell",male
"Oreskovic, Mr. Luka",male
"Renouf, Mrs. Peter Henry (Lillian Jefferys)",female
"Bryhl, Mr. Kurt Arnold Gottfrid",male
"Ilmakangas, Miss. Pieta Sofia",female
"Allen, Miss. Elisabeth Walton",female
"Hassan, Mr. Houssein G N",male
"Berriman, Mr. William John",male
"Troupiansky, Mr. Moses Aaron",male
"Williams, Mr. Leslie",male
"Ford, Mrs. Edward (Margaret Ann Watson)",female
"Lesurer, Mr. Gustave J",male
"Cavendish, Mr. Tyrell William",male
"Ryerson, Miss. Susan Parker "Suzette"""",female
"McNamee, Mr. Neal",male
"Stranden, Mr. Juho",male
"Crosby, Capt. Edward Gifford",male
"Abbott, Mr. Rossmore Edward",male
"Sinkkonen, Miss. Anna",female
"Marvin, Mr. Daniel Warner",male
"Connaghton, Mr. Michael",male
"Wells, Miss. Joan",female
"Moor, Master. Meier",male
"Vande Velde, Mr. Johannes Joseph",male
"Jonkoff, Mr. Lalio",male
"Herman, Mrs. Samuel (Jane Laver)",female
"Hamalainen, Master. Viljo",male
"Carlsson, Mr. August Sigfrid",male
"Bailey, Mr. Percy Andrew",male
"Theobald, Mr. Thomas Leonard",male
"Rothes, the Countess. of (Lucy Noel Martha Dyer-Edwards)",female
"Nirva, Mr. Iisakki Antino Aijo",male
"Barah, Mr. Hanna Assi",male
"Carter, Mrs. William Ernest (Lucile Polk)",female
"Eklund, Mr. Hans Linus",male
"Hogeboom, Mrs. John C (Anna Andrews)",female
"Mangan, Miss. Mary",female
"Gronnestad, Mr. Daniel Danielsen",male
"Lievens, Mr. Rene Aime",male
"Jensen, Mr. Niels Peder",male
"Mack, Mrs. (Mary)",female
"Hocking, Mrs. Elizabeth (Eliza Needs)",female
"Myhrman, Mr. Pehr Fabian Oliver Malkolm",male
"Emanuel, Miss. Virginia Ethel",female
"Robert, Mrs. Edward Scott (Elisabeth Walton McMillan)",female
"Ayoub, Miss. Banoura",female
"Dick, Mrs. Albert Adrian (Vera Gillespie)",female
"Long, Mr. Milton Clyde",male
"Ali, Mr. William",male
"Harmer, Mr. Abraham (David Lishin)",male
"Sjoblom, Miss. Anna Sofia",female
"Rice, Master. George Hugh",male
"Dean, Master. Bertram Vere",male
"Guggenheim, Mr. Benjamin",male
"Gaskell, Mr. Alfred",male
"Dantcheff, Mr. Ristiu",male
"Otter, Mr. Richard",male
"Leader, Dr. Alice (Farnham)",female
"Osman, Mrs. Mara",female
"Ibrahim Shawah, Mr. Yousseff",male
"Van Impe, Mrs. Jean Baptiste (Rosalie Paula Govaert)",female
"Ponesell, Mr. Martin",male
"Collyer, Mrs. Harvey (Charlotte Annie Tate)",female
"Carter, Master. William Thornton II",male
"Thomas, Master. Assad Alexander",male
"Hedman, Mr. Oskar Arvid",male
"Johansson, Mr. Karl Johan",male
"Andrews, Mr. Thomas Jr",male
"Pettersson, Miss. Ellen Natalia",female
"Meyer, Mr. August",male
"Chambers, Mrs. Norman Campbell (Bertha Griggs)",female
"Alexander, Mr. William",male
"Lester, Mr. James",male
"Slemen, Mr. Richard James",male
"Andersson, Miss. Ebba Iris Alfrida",female
"Tomlin, Mr. Ernest Portage",male
"Heininen, Miss. Wendla Maria",female
"Mallet, Mr. Albert",male
"Holm, Mr. John Fredrik Alexander",male
"Skoog, Master. Karl Thorsten",male
"Hays, Mrs. Charles Melville (Clara Jennings Gregg)",female
"Lulic, Mr. Nikola",male
"Reuchlin, Jonkheer. John George",male
"Moor, Mrs. (Beila)",female
"Panula, Master. Urho Abraham",male
"Mallet, Master. Andre",male
"Stone, Mrs. George Nelson (Martha Evelyn)",female
"Yasbeck, Mrs. Antoni (Selini Alexander)",female
"Richards, Master. George Sibley",male
"Augustsson, Mr. Albert",male
"Allum, Mr. Owen George",male
"Compton, Miss. Sara Rebecca",female
"Pasic, Mr. Jakob",male
"Chip, Mr. Chang",male
"Alhomaki, Mr. Ilmari Rudolf",male
"Mudd, Mr. Thomas Charles",male
"Serepeca, Miss. Augusta",female
"Lemberopolous, Mr. Peter L",male
"Culumovic, Mr. Jeso",male
"Abbing, Mr. Anthony",male
"Markoff, Mr. Marin",male
"Harper, Rev. John",male
"Andersson, Master. Sigvard Harald Elias",male
"Svensson, Mr. Johan",male
"Boulos, Miss. Nourelain",female
"Lines, Miss. Mary Conover",female
"Carter, Mrs. Ernest Courtenay (Lilian Hughes)",female
"Aks, Mrs. Sam (Leah Rosen)",female
"Wick, Mrs. George Dennick (Mary Hitchcock)",female
"Daly, Mr. Peter Denis ",male
"Baclini, Mrs. Solomon (Latifa Qurban)",female
"Hansen, Mr. Claus Peter",male
"Giles, Mr. Frederick Edward",male
"Swift, Mrs. Frederick Joel (Margaret Welles Barron)",female
"Gill, Mr. John William",male
"Bystrom, Mrs. (Karolina)",female
"Duran y More, Miss. Asuncion",female
"Roebling, Mr. Washington Augustus II",male
"Johnson, Master. Harold Theodor",male
"Balkic, Mr. Cerin",male
"Beckwith, Mrs. Richard Leonard (Sallie Monypeny)",female
"Carlsson, Mr. Frans Olof",male
"Vander Cruyssen, Mr. Victor",male
"Abelson, Mrs. Samuel (Hannah Wizosky)",female
"Najib, Miss. Adele Kiamie "Jane"""",female
"Gustafsson, Mr. Alfred Ossian",male
"Petroff, Mr. Nedelio",male
"Potter, Mrs. Thomas Jr (Lily Alexenia Wilson)",female
"Shelley, Mrs. William (Imanita Parrish Hall)",female
"Markun, Mr. Johann",male
"Dahlberg, Miss. Gerda Ulrika",female
"Banfield, Mr. Frederick James",male
"Sutehall, Mr. Henry Jr",male
"Rice, Mrs. William (Margaret Norton)",female
"Montvila, Rev. Juozas",male
"Graham, Miss. Margaret Edith",female
"Behr, Mr. Karl Howell",male
"Dooley, Mr. Patrick",male
